Locality,Price_INR,Infrastructure_Growth_Score,Crime_Index
 Anekal,1600000.0,81.0,21.0
 Banaswadi,3500000.0,80.0,34.0
 Basavangudi,5000000.0,92.0,17.0
 Bhoganhalli,2289000.0,88.0,30.0
 Devarabeesana Halli,12483333.333333334,91.5,14.5
 Devarachikkanahalli,6271428.571428572,87.64285714285714,20.571428571428573
 Electronic City,2325000.0,83.0,23.0
 Mysore Highway,3687500.0,88.25,29.0
 Rachenahalli,2390000.0,91.0,18.0
 Sector 1 HSR Layout,27600000.0,93.0,34.0
 Thanisandra,2616666.6666666665,89.33333333333333,26.0
 Whitefield,5200000.0,96.0,33.0
 ittamadu,11000000.0,88.0,19.0
 south,44500000.0,91.0,23.5
1 Annasandrapalya,15000000.0,84.0,25.0
1 Giri Nagar,36000000.0,91.0,25.0
1 Immadihalli,15000000.0,88.0,27.0
1 Ramamurthy Nagar,17000000.0,90.0,12.0
12th cross srinivas nagar banshankari 3rd stage,20000000.0,93.0,14.0
1A Block Koramangala,65000000.0,94.0,31.0
1Channasandra,12500000.0,94.0,15.0
1Hanuman Nagar,49000000.0,85.0,27.0
1Hoysalanagar,27500000.0,83.0,15.0
1Kasavanhalli,20000000.0,81.0,31.0
1st Block BEL Layout,16750000.0,82.5,22.5
1st Block HBR Layout,23166666.666666668,85.66666666666667,22.666666666666668
1st Block HRBR Layout,20962500.0,87.5,23.625
1st Block Jayanagar,20750000.0,88.07142857142857,21.928571428571427
1st Block Koramangala,28345000.0,88.8,21.8
1st Phase JP Nagar,17518750.0,87.45833333333333,21.291666666666668
1st Stage Domlur,6500000.0,81.0,25.0
1st Stage Indira Nagar,19580000.0,89.6,22.0
1st Stage Radha Krishna Layout,25000000.0,86.0,25.0
2Electronic City Phase II,23000000.0,96.0,28.0
2nd Block Bel Layout,9200000.0,87.5,17.0
2nd Block Hbr Layout,5500000.0,96.0,27.0
2nd Block Hrbr Layout,28557142.85714286,88.0,18.714285714285715
2nd Block Jayanagar,46750000.0,93.5,15.0
2nd Block Koramangala,76100000.0,94.0,22.0
2nd Phase JP Nagar,16194444.444444444,88.88888888888889,20.555555555555557
2nd Phase Judicial Layout,4665625.0,86.875,19.75
2nd Stage Arekere Mico Layout,16900000.0,87.33333333333333,20.0
2nd Stage Nagarbhavi,21700000.0,88.95,19.05
"2nd phase jp nagar, jp nagar",20500000.0,91.0,11.0
3rd Block Banashankari,36660000.0,89.6,20.2
3rd Block HBR Layout,10000000.0,95.0,18.0
3rd Block Hrbr Layout,14357142.857142856,89.28571428571429,22.285714285714285
3rd Block Jayanagar,17000000.0,85.66666666666667,18.333333333333332
3rd Block Koramangala,22000000.0,84.0,25.5
3rd Phase Iti Layout,6300000.0,97.0,14.0
3rd Phase JP Nagar,23133333.333333332,89.33333333333333,19.666666666666668
3rd Stage Raja Rajeshwari Nagar,6500000.0,92.0,20.0
4 Bedroom Farm House in Bagalur,8000000.0,96.0,14.0
4th Block HBR Layout,13800000.0,88.0,26.0
4th Block Jayanagar,30000000.0,89.5,19.25
4th Block Koramangala,34855555.55555555,88.88888888888889,20.22222222222222
4th Phase JP Nagar,12672500.0,90.0,22.25
4th T block Jayanagar,28042857.14285714,87.0,17.571428571428573
5th Block Hbr Layout,20275000.0,87.33333333333333,22.666666666666668
5th Block Jayanagar,90500000.0,90.33333333333333,21.666666666666668
5th Phase JP Nagar,8744864.864864865,89.21621621621621,20.54054054054054
5th Stage BEML Layout,20500000.0,85.0,19.5
5th block Koramangala,52000000.0,96.0,19.0
6th Block Jayanagar,25500000.0,89.0,15.0
6th Block Rajaji Nagar,19000000.0,88.0,14.0
6th Phase JP Nagar,10538695.652173912,87.43478260869566,20.91304347826087
6th block Koramangala,25992000.0,83.4,18.6
"6th block banashankari 3rd stage, 100 feet ORR",66000000.0,86.0,16.0
7th Block Jayanagar,37600000.0,93.8,26.0
7th Block Koramangala,13000000.0,91.0,13.0
7th Phase JP Nagar,10408250.0,87.6969696969697,22.053030303030305
8th Block Jayanagar,34000000.0,86.75,25.0
8th Phase JP Nagar,7924681.818181818,88.0909090909091,21.727272727272727
8th block Koramangala,20614285.714285713,88.42857142857143,21.428571428571427
9th Block Jayanagar,22800000.0,95.2,21.8
9th Phase JP Nagar,8958372.093023255,88.0,24.3953488372093
A Block Sushant Lok Phase - 3,17750000.0,88.0,28.5
A Block Sushant Lok Phase 1,34277777.777777776,85.22222222222223,27.88888888888889
A Narayanapura,13200000.0,85.4,24.4
AECS LAYOUT A-BLOCK Singasandra,22500000.0,96.0,21.0
AECS Layout,6196500.0,87.91666666666667,23.75
AGB Layout,14500000.0,92.0,20.0
AGS Layout,6725285.714285715,86.42857142857143,23.571428571428573
AMS Layout,7225000.0,89.75,23.25
Aavalahalli,4194000.0,84.0,21.0
Abbaiah Reddy Layout,4274000.0,85.33333333333333,21.666666666666668
Abbigere,5483681.818181818,86.0,23.0
Abshot Layout,18500000.0,87.0,13.0
Achins Road,41000000.0,83.0,18.0
Adarsh Nagar,5000000.0,83.0,23.0
Addischetan Layout,5500000.0,90.0,11.0
Adityanagar,6733333.333333333,90.0,15.0
Adugodi,6500000.0,86.0,21.0
Agara Village,12000000.0,94.0,34.0
Agrahara Dasarahalli,8566666.666666666,83.33333333333333,20.666666666666668
Air View Colony,5850000.0,89.0,30.0
Aishwarya Crystal Layout,8200000.0,91.0,14.0
Akash Nagar,4780000.0,87.0,17.0
Akshaya Nagar,8535666.666666666,89.18333333333334,21.833333333333332
Akshaya Vana,9425000.0,88.25,23.25
Akshayanagara East,9445250.0,89.75,19.0
Akshayanagara West,6750000.0,95.5,25.0
Akshya Nagar,7745400.0,82.6,20.2
Alfa Garden Layout,4280000.0,83.5,29.75
Allalasandra,2200000.0,85.0,21.0
Alur,1500000.0,86.33333333333333,10.666666666666666
Amam Enclave Layout,5750000.0,91.5,11.0
Amarjyothi Colony,4950000.0,88.5,29.5
Ambalipura,10403192.307692308,87.8076923076923,21.96153846153846
Ambedkar Colony,15885714.285714285,89.0,24.571428571428573
Ambedkar Nagar,19072413.79310345,89.06896551724138,24.413793103448278
Ambience,110000000.0,75.0,29.0
Amblipura,14016666.666666666,90.0,21.666666666666668
Amco Colony,8800000.0,90.0,15.0
Amrita Nagar,15000000.0,91.0,18.0
Amruthahalli,9176086.956521738,88.95652173913044,22.782608695652176
Amruthnagar,5970000.0,92.4,25.2
Anand Nagar,19083333.333333332,90.16666666666667,24.166666666666668
Anand nagar,9750000.0,82.0,22.5
Anandapura,5738000.0,86.0,22.555555555555557
Anantapura,9133333.333333334,84.0,23.0
Anantapuram,6300000.0,88.0,16.0
Ananth Nagar,3512107.1428571427,87.25,22.428571428571427
"Ananthanagar Phase 1,Electronic City , phase 2",4590000.0,85.0,24.0
"Ananthapura, T C palaya Main Road",6000000.0,90.0,28.0
Anathanagar,4500000.0,87.0,24.0
Andrahalli,18500000.0,89.0,21.5
Anekal,3932592.592592593,87.85185185185185,21.444444444444443
Anekal - Hosur Road,14000000.0,88.0,31.0
Anjana Nagar,17750000.0,87.0,19.5
Anjanapura,6402437.5,89.5625,20.25
Anjappa Layout,6833333.333333333,89.0,11.666666666666666
Ankappa Layout,6333333.333333333,89.33333333333333,18.333333333333332
Annaiah Reddy Layout,3500000.0,88.5,31.0
"Annapoorneshwari Layout, JP nagar 7th phase",7000000.0,95.0,13.0
Annapurneshwari Nagar,21000000.0,96.0,25.0
Annasandrapalya,15000000.0,92.0,21.0
Ansal Plaza,25000000.0,83.33333333333333,23.666666666666668
Anugrah Layout,7000000.0,95.5,23.5
Anwar Layout,3019500.0,86.5,32.5
Arasanakunte,13700000.0,81.0,27.0
Ardee City,18523500.0,86.4375,30.0625
Ardendale,13066304.347826088,89.52173913043478,19.73913043478261
Arehalli,6867666.666666667,92.33333333333333,15.0
Arekempanahalli,11000000.0,81.0,18.0
Arekere,9640625.0,89.0,24.5625
Arishinakunte,14500000.0,86.5,18.5
Ashirvad Colony,6100000.0,87.83333333333333,19.666666666666668
Ashok Nagar,148600000.0,87.5,28.0
Ashraya Layout,22500000.0,96.0,26.0
Ashwath Nagar,8228571.428571428,93.14285714285714,25.142857142857142
Ashwathnagar,13083333.333333334,82.33333333333333,24.666666666666668
Ashwini layout,5900000.0,89.66666666666667,16.666666666666668
Asthagrama Layout,3800000.0,93.0,17.0
Atmananda Colony,5533333.333333333,88.33333333333333,23.333333333333332
Attibele,4695951.219512195,88.21951219512195,22.21951219512195
Attiguppe,7000000.0,94.0,12.0
Attur Layout,13300000.0,85.2,21.0
Austin Town,4214285.714285715,87.71428571428571,18.285714285714285
Avalahalli,10465800.0,88.2,19.4
Ayappa Nagar,5666666.666666667,88.33333333333333,25.333333333333332
B Block Sushant Lok Phase 1,36794285.666666664,83.71428571428571,27.428571428571427
B Channasandra,19133333.333333332,86.0,20.333333333333332
B K Nagar,30000000.0,97.0,26.0
B Narayanapura,6503444.444444444,91.77777777777777,19.22222222222222
B Y Raveshwara Nagar,14000000.0,90.0,12.0
BAGUR,1700000.0,93.0,13.0
BAGUR ROAD,3500000.0,80.0,16.0
BCC Layout,18375000.0,87.25,19.25
BCMC Layout,8000000.0,87.0,18.5
BDS Layout,3750000.0,97.0,22.0
BEL Layout,10500000.0,90.0,34.0
BEL Road,36575000.0,94.0,26.0
BEML Layout,13300000.0,87.0,22.2
BEML Layout 5th Stage,32500000.0,86.0,22.0
BEML Layout 5th stage,8500000.0,84.0,19.0
BHEL Layout,16500000.0,95.0,18.0
BSM Extension,3750000.0,89.75,25.75
BTM 1st Stage,16410000.0,88.5,20.4
BTM 2nd Stage,15603448.27586207,87.58620689655173,22.79310344827586
BTM 4th Stage,6766666.666666667,90.33333333333333,17.333333333333332
BTM Layout,10511312.5,87.375,23.6875
BTM Layout 1stage 9th Main,13800000.0,89.0,21.0
BTM Layout 2nd Stage 1st Phase,39500000.0,84.0,18.0
Baba Nagar,5908333.333333333,88.66666666666667,18.0
Babusapalaya,5310040.0,87.44,22.04
Badavala Nagar,8751000.0,86.0,18.0
Badrappa Layout,8800000.0,87.0,29.0
Bagalakunte,10100000.0,92.33333333333333,21.833333333333332
Bagalur,7517400.0,85.0,26.4
Bagalur Main Road,19300000.0,90.25,23.25
Bahubali Nagar,15000000.0,87.0,23.0
Balagere,6103306.818181818,88.18181818181819,23.454545454545453
Balaji Gardens Layout,3650000.0,97.0,16.5
Balepet,8900000.0,89.0,17.0
Banagiri Nagar,14680555.555555556,86.0,19.11111111111111
Banagirinagar,13000000.0,90.0,14.0
"Banasawadi, ",15600000.0,94.0,34.0
Banashankari,10710614.285714285,89.54285714285714,22.87142857142857
Banashankari 2 nd Stage,7725000.0,92.0,25.0
Banashankari 2nd Stage,9500000.0,82.0,19.0
"Banashankari 3rd stage, Vivekanandanagar",10000000.0,82.0,16.0
Banashankari 6th Stage,8000000.0,89.0,27.0
"Banashankari 6th Stage ,Subramanyapura",10000000.0,97.0,32.0
"Banashankari 6th stage , 2nd block",10000000.0,85.0,12.0
Banashankari Stage I,17000000.0,83.0,23.0
Banashankari Stage II,22640750.0,87.6875,21.5
Banashankari Stage III,12598320.0,87.16,22.84
Banashankari Stage V,6674363.636363637,87.63636363636364,24.0
Banashankari Stage VI,11349875.0,87.375,19.6875
Banashankari stage 2,7725000.0,92.0,29.0
Banashankari3rd stage bigbazar,12500000.0,82.0,25.0
Banaswadi,14096875.0,88.8125,22.8125
"Banaswadi, ",21400000.0,85.0,18.0
Bande Nallasandra,13000000.0,89.0,14.0
Bandepalya,4800000.0,81.0,31.0
Banjara Layout,8411818.181818182,87.72727272727273,22.454545454545453
Bank Avenue,9900000.0,88.0,11.0
Bank Of Baroda Colony,17628571.42857143,91.42857142857143,22.285714285714285
Bannerghatta,12170555.555555556,88.33333333333333,21.5
Bannerghatta Road,9758128.378378378,88.39189189189189,22.222972972972972
Bapuji Layout,27500000.0,84.0,13.0
Bapuji Nagar,12600000.0,83.0,30.0
Basapura,5633333.333333333,88.55555555555556,22.0
Basava Nagar,4870000.0,90.33333333333333,27.0
Basavanagara,11875000.0,93.0,18.0
Basavanapura,6827125.0,86.125,16.0
Basavangudi,18498333.333333332,87.9,24.133333333333333
Basavanna Nagar,9187500.0,88.5,15.5
Basaveshwara Nagar,18361904.76190476,86.57142857142857,23.238095238095237
Basaveshwara Nagar Yelahanka,12942857.142857144,90.14285714285714,19.428571428571427
Basaveswarnagar,42000000.0,80.0,13.0
"Basnashankari,6th stage,",5400000.0,88.0,29.0
Basvasamithi Layout Vidyaranyapura,17500000.0,95.0,26.0
Battarahalli,7481875.0,88.25,24.041666666666668
Begur,6863125.0,88.3125,20.875
Begur Road,6037652.777777778,89.15277777777777,22.444444444444443
Behind Don Bosco Church,11000000.0,89.0,28.0
Belathur,3800000.0,92.4,25.4
Belatur,5333333.333333333,83.66666666666667,21.666666666666668
Bellandur,9200365.59139785,89.03225806451613,21.892473118279568
"Bellandur, ",20600000.0,97.0,15.0
Bellari Road,10595800.0,87.2,19.4
"Beml layout, Rajarajeshwari nagar",32500000.0,91.0,24.0
Bendiganahalli,12250000.0,86.0,25.0
Bennigana Halli,14500000.0,94.0,14.0
Benson Town,34674333.333333336,91.06666666666666,22.333333333333332
Bethel Nagar,4900000.0,90.66666666666667,23.0
Bettadasanapura,9000000.0,87.0,29.0
Bettahalsoor,29433333.333333332,93.33333333333333,14.666666666666666
Bhagyalakshmi Avenue,2683666.6666666665,83.0,16.333333333333332
Bharat Nagar,18000000.0,82.0,34.0
Bharath Housing Society Layout,20000000.0,84.0,34.0
Bharathi Nagar,6831166.666666667,90.83333333333333,22.166666666666668
Bharathnagar,12000000.0,92.0,14.0
Bhattarahalli,5000000.0,89.0,27.0
Bhoganhalli,10247850.0,87.775,21.775
Bhoopsandra,15250000.0,88.0,32.0
Bhuvaneshwari Nagar,5258000.0,86.33333333333333,21.166666666666668
Bhuvaneswari Nagar,11000000.0,92.33333333333333,23.666666666666668
Bidadi,12266666.666666666,90.33333333333333,19.0
"Bidere Agarahara, Behind Safal market",4200000.0,83.0,11.0
Bidrahalli,5350000.0,95.5,20.0
Bikasipura,17125000.0,84.75,21.25
Bilal Nagar,2000000.0,80.0,12.0
Bileshivale,21950000.0,88.16666666666667,20.333333333333332
Billamaranahalli,5500000.0,82.0,33.0
Billapura,11000000.0,88.0,32.0
Billekahalli,9542277.777777778,87.27777777777777,20.055555555555557
Binnamangala,90000000.0,82.0,30.0
Binny Mills Employees Colony,23000000.0,92.0,15.0
Binny Pete,14726894.736842105,89.10526315789474,20.473684210526315
Bisuvanahalli,4133285.714285714,87.88095238095238,20.30952380952381
Block B Sector 2 Palam Vihar,13500000.0,82.0,32.0
Block B Sushant Lok Phase - 3,20000000.0,94.0,22.0
Block C Ardee City,19500000.0,86.0,26.666666666666668
Block C Greenwood City,33500000.0,84.0,19.0
Block C Palam Vihar,16250000.0,90.5,35.5
Block C Sushant Lok Phase - 3,25200000.0,82.4,21.6
Block D New Palam Vihar Phase 2,4000000.0,81.0,35.0
"Block D, New Palam Vihar",4100000.0,91.0,39.0
Block E DLF City Phase 1,27000000.0,94.0,33.0
"Block F, Sushant Lok Phase - 2",21740000.0,85.0,23.0
Block K South City 1,40000000.0,75.0,23.0
Block M DLF phase 2,44166666.666666664,84.66666666666667,32.0
Block M South City 1,30500000.0,76.0,18.0
"Block N, Mayfield garden",25833333.333333332,87.33333333333333,31.0
"Block-A, DLF City Phase 1",31499999.666666668,85.66666666666667,30.333333333333332
Bommanahalli,6107971.428571428,90.28571428571429,22.228571428571428
Bommasandra,5037805.555555556,88.80555555555556,19.97222222222222
Bommasandra Industrial Area,4178125.0,86.54166666666667,19.375
Bommenahalli,32872727.272727273,87.0,24.181818181818183
Brigade Road,22000000.0,92.0,31.0
Brindavan Layout,9434000.0,88.5,26.0
Brindavan Nagar,11333333.333333334,86.33333333333333,25.0
Brooke Bond First Cross,7800000.0,91.75,21.5
Brookefield,11848936.170212766,88.19148936170212,21.106382978723403
Budigere,6887882.978723404,88.70212765957447,20.914893617021278
Bull Temple Road,14000000.0,81.0,17.0
Byadarahalli,37514285.71428572,86.0,21.0
Byagadadhenahalli,2700000.0,89.25,20.75
Byappanahalli,9000000.0,92.0,26.0
Byatarayanapura,10200000.0,90.28571428571429,20.142857142857142
Byrasandra,5771428.571428572,89.28571428571429,23.571428571428573
Byrasandra Extension,4500000.0,95.0,34.0
Byrathi Village,7933333.333333333,89.66666666666667,17.333333333333332
C Block Mayfield Garden,19900000.0,75.0,37.0
C Block Pocket I Mayfield Garden,22266666.666666668,90.33333333333333,33.333333333333336
C Block Sushant Lok Phase 1,24441724.975,84.225,27.15
C block Sector 43 Gurgaon,18000000.0,80.0,26.0
CHIKKATIRUPATHI,10000000.0,89.0,22.0
CMH Road,35000000.0,90.0,29.0
CQAL LAYOUT C BLOCK,16000000.0,93.0,19.0
CQAL Layout,27500000.0,91.0,25.0
CR Layout,20000000.0,88.0,32.0
CV Raman Nagar,7958952.380952381,88.42857142857143,20.857142857142858
Cambridge  road,11000000.0,93.0,10.0
Cambridge Layout,25187500.0,90.0,21.75
Canara Bank Colony,6134000.0,89.71428571428571,21.714285714285715
Canara Bank Layout,10833333.333333334,82.33333333333333,30.666666666666668
Carmelaram,9521375.0,92.5,20.75
Celebrity Paradise Layout,1924500.0,89.5,14.0
Chaitanya Ananya,32500000.0,94.0,29.0
Chakkarpur,39635000.0,86.375,28.0
Challaghatta,11200000.0,89.0,15.5
Chambenahalli,5000000.0,89.0,18.0
Chamrajpet,21135071.42857143,87.64285714285714,21.571428571428573
Chamundi Nagar,18500000.0,96.0,22.0
Chandapura,3881007.3529411764,88.42647058823529,22.558823529411764
Chandra Layout,13375625.0,85.125,21.5
Channasandra,6243810.810810811,88.08108108108108,21.216216216216218
Channasandra Layout,7057142.857142857,85.0,23.285714285714285
Chelekare,6090000.0,86.66666666666667,19.833333333333332
Chellikere,4600000.0,96.0,29.0
Chennammana Kere,7357444.444444444,88.77777777777777,21.22222222222222
Chennammanakere Achukattu,6350000.0,83.0,25.0
Chennappa Layout,4745000.0,90.75,23.25
Chikbasavanapura,6000000.0,85.0,34.0
Chikka Banaswadi,7100000.0,82.33333333333333,21.333333333333332
Chikka Gowdanapalya.,7800000.0,81.0,27.0
Chikka Tirupathi,11470437.5,88.75,18.8125
Chikkaballapur,10000000.0,81.0,33.0
Chikkabanavar,6969230.769230769,89.3076923076923,19.23076923076923
Chikkabettahalli,15000000.0,81.0,24.0
Chikkabidarakallu,32500000.0,81.0,14.0
Chikkadunnasandra,4600000.0,86.8,17.4
Chikkagubbi,40000000.0,90.0,21.0
Chikkajala,5000000.0,92.0,17.0
Chikkakannalli,8750000.0,91.5,23.0
Chikkalasandra,7168931.0344827585,89.86206896551724,21.655172413793103
Chikkanahalli,5200000.0,83.0,29.0
Chikkasandra,9850000.0,87.25,17.75
Chikkathoguru,4562500.0,86.5,18.0
Chikku Lakshmaiah Layout,28250000.0,92.0,18.0
Chinnapanahalli,4600000.0,87.0,25.75
Chokkahalli,9000000.0,81.0,26.0
Chokkanahalli,4850000.0,85.5,26.0
Chokkasandra,3300000.0,93.0,27.0
Cholanayakanahalli,23642857.14285714,89.14285714285714,23.857142857142858
Choodasandra,10410571.42857143,86.57142857142857,22.047619047619047
Chowdeshwari Layout,8000000.0,81.0,26.0
Chuchangatta Colony,4400000.0,94.0,27.0
Church Street,106800000.0,87.0,20.5
Civil Lines,15000000.0,86.0,20.0
Ckikkakammana Halli,4200000.0,87.0,18.0
Classic Paradise Layout,9900000.0,88.0,24.0
Cleveland Town,12250000.0,85.5,15.0
Coconut Garden,8500000.0,92.0,17.0
Coconut Grove Layout,5380000.0,87.0,18.8
Coffee Board Layout,10533333.333333334,85.0,24.333333333333332
Cooke Town,23906250.0,89.875,23.625
Cottonpet,16900000.0,90.0,22.6
Cox Town,12666666.666666666,87.91666666666667,21.916666666666668
Craig Park Layout,14800000.0,86.0,32.0
Crimson Layout,7066666.666666667,85.33333333333333,18.0
Cubbon Road,190000000.0,87.0,16.0
Cunningham Road,82438461.53846154,87.3076923076923,20.76923076923077
Cyber City,48800000.0,82.66666666666667,24.0
D Block Sushant Lok Phase 1,42500000.0,81.0,15.0
D Group Employees Layout,18200000.0,92.0,27.333333333333332
D Souza Layout,101500000.0,85.0,12.0
DLF CITY,24000000.0,75.0,17.0
DLF Phase 1,42936391.56626506,83.75301204819277,26.46385542168675
DLF Phase 2,39986298.337016575,84.23204419889503,26.950276243093924
DLF Phase 3,92181427.5522388,84.98507462686567,26.44776119402985
DLF Phase 4,34059299.9625,84.9,26.75
DLF Phase 5,41814449.52293578,84.94495412844037,26.44954128440367
DUO Layout,7500000.0,88.0,17.0
Daadys Gaarden Layout,6900000.0,92.0,25.0
Dairy Circle,33360000.0,89.1,19.3
Dasanapura,4990312.5,85.25,22.5
Dasappa Layout,8700000.0,91.33333333333333,24.666666666666668
Dasarahalli,8301235.294117647,88.82352941176471,21.647058823529413
Dayanand Colony,3500000.0,80.0,37.0
Deepanjali Nagar,16000000.0,80.0,29.0
Defence Colony,116771428.57142857,84.0,24.285714285714285
Defence Layout,13000000.0,85.0,33.0
Dena Bank Colony,6975000.0,91.5,18.5
Devanahalli,12020569.767441861,89.27906976744185,21.348837209302324
Devanahalli Int. Airport,16400000.0,89.0,20.333333333333332
Devanahalli Road,14550000.0,81.0,17.0
Devara Jeevanahalli,4633333.333333333,89.0,22.0
Devarabeesana Halli,11000000.0,97.0,26.0
Devarabisanahalli,8000000.0,81.0,28.0
Devarachikkanahalli,5566666.666666667,86.0,18.666666666666668
Devasandra Extension,10600000.0,88.0,24.5
Devasthanagalu,5450000.0,86.5,28.833333333333332
Devi Nagar,7180000.0,84.6,26.4
Dhanalakshmi Layout,25000000.0,85.0,18.0
Dharam Colony,2250000.0,77.0,33.0
Dinnur,11566666.666666666,86.33333333333333,26.333333333333332
Divya Unnathi Layout,5785000.0,88.0,17.0
Doctor Layout Rayasandra,9000000.0,80.0,25.0
Doctors Layout,5311428.571428572,89.57142857142857,22.571428571428573
Dodda Banaswadi,7600000.0,88.2,22.2
Dodda Kempaiah Layout,6000000.0,86.5,25.0
Dodda Nekkundi,10658413.793103449,88.96551724137932,22.310344827586206
Dodda Nekkundi Extension,8793750.0,89.125,22.0
Doddaballapur,17650000.0,90.0909090909091,20.454545454545453
Doddabanahalli,4466600.0,86.8,18.2
Doddabele,3600000.0,91.0,29.0
Doddabidrakallu,5350000.0,84.5,19.0
Doddabommasandra,12885714.285714285,86.57142857142857,22.0
Doddagubbi,5525000.0,89.75,28.5
Doddakallasandra,5353000.0,90.81818181818181,20.0
Doddakammanahalli,6350000.0,85.57142857142857,20.285714285714285
Doddakannelli,7333333.333333333,87.33333333333333,25.333333333333332
Doddanakundi Industrial Area 2,7250166.666666667,86.33333333333333,12.5
Doddanakunte,15000000.0,93.0,26.0
Doddanekundi,22123333.333333332,85.5,21.5
Doddathoguru,4432379.310344827,90.10344827586206,20.655172413793103
Dodsworth Layout,53820000.0,88.2,21.8
Dollar Scheme Colony,31000000.0,83.5,20.0
Dollars Colony,74437500.0,88.5,24.625
Dollars Layout,35600000.0,87.66666666666667,14.333333333333334
Dominic Layout,3914000.0,93.0,20.0
Domlur,16377272.727272727,90.18181818181819,22.227272727272727
Domlur Layout,31833333.333333332,86.0,19.0
Dommasandra,4102846.153846154,90.76923076923077,20.615384615384617
Doopanahalli,14380000.0,88.0,24.8
Dooravani Nagar,12375000.0,89.75,26.5
Double Road,10000000.0,94.0,30.0
Dr Shivarama Karantha Nagar,5950000.0,83.0,18.0
Duddanahalli,4700000.0,80.0,17.0
Duvasapalya,4860000.0,83.0,12.0
Dwaraka Nagar,5100000.0,83.0,16.0
Dwarka Expressway Gurgaon,25100000.0,87.66666666666667,28.0
Dwarka Nagar,11037500.0,85.5,15.5
"ECC Road, Whitefield, ",8000000.0,81.5,32.0
"EPIP AREA, WHITEFIELD",13900000.0,88.0,15.0
EPIP Zone,13486260.869565217,88.08695652173913,23.782608695652176
Ejipura,11155555.555555556,87.55555555555556,20.22222222222222
Electronic City,5576210.714285715,88.71428571428571,21.428571428571427
"Electronic City Phase 1, ",5000000.0,93.0,20.0
Electronic City Phase II,4953239.6694214875,88.0,21.56198347107438
"Electronic city Phase 1, ",4550000.0,93.0,22.0
"Electronic city phase 1, ",3900000.0,96.0,23.0
Electronics City Phase 1,5510181.818181818,87.95454545454545,23.011363636363637
Escorts Colony,9300000.0,94.0,34.0
Esther Enclave Layout,9133333.333333334,87.66666666666667,17.0
Ex-Servicemen Colony Dinnur Main Road R.T.Nagar,10100000.0,84.0,13.0
Ferrar Nagar,12633333.333333334,90.66666666666667,17.0
Fraser town,12800000.0,96.0,19.0
Frazer Town,24864142.85714286,89.14285714285714,20.885714285714286
Friends Colony,5950000.0,88.0,25.5
GB Palya,4500000.0,94.0,20.0
GD Layout,5600000.0,90.0,23.0
GKW Layout,22500000.0,83.0,33.0
GM Palaya,5682916.666666667,88.16666666666667,22.5
Gandhi Bazar,24000000.0,87.5,25.0
Gandhi Nagar,8000000.0,91.0,22.0
Ganesha Block,20900000.0,86.0,27.5
Ganga Nagar,6630000.0,90.3,22.3
Ganga Nagar Extension,6500000.0,84.0,29.0
Ganganahalli,9000000.0,86.0,23.0
Gangondanahalli,4800000.0,90.0,18.0
Garden Layout,9393000.0,87.0,19.0
Garebhavipalya,6500000.0,82.5,15.5
Garudachar Palya,8470058.823529411,89.94117647058823,24.058823529411764
Gattahalli,6783333.333333333,87.0,24.333333333333332
Gattigere,7900000.0,87.0,15.5
Gaundanapalya,4600000.0,80.0,34.0
Gaurava Nagar,12300000.0,88.0,13.0
Gayathri Nagar,9000000.0,86.0,25.0
Geddalahalli,5675000.0,88.75,20.5
Geetanjali Layout,30000000.0,95.0,30.0
Geleyara Balaga Layout,2400000.0,88.0,25.5
Gidada Konnenahalli,17250000.0,91.5,18.0
Giri Nagar,27314285.714285713,88.21428571428571,23.285714285714285
Gkvk Layout,14300000.0,89.33333333333333,20.666666666666668
Glass Factory Layout,5875000.0,87.75,25.25
Gnana Bharathi,15000000.0,92.0,21.0
Gokaula Extension,9000000.0,96.0,21.0
Gokula Extension,11833333.333333334,87.0,22.0
Golf Course Ext Road ,22540000.0,84.8,23.4
Gollahalli,5190000.0,84.44444444444444,19.0
Gollarahatti,2450000.0,87.0,12.0
Gollarapalya Hosahalli,5287500.0,87.91666666666667,21.75
Gopal Reddy Layout,7500000.0,80.0,30.0
Gopalapura,32466666.666666668,89.83333333333333,23.666666666666668
Gopalkrishna Nagar,8725000.0,90.75,22.625
Goraguntepalya,15000000.0,80.0,20.0
Gottigere,6101729.166666667,89.66666666666667,22.979166666666668
Govindapura,7100000.0,83.33333333333333,23.333333333333332
Govindaraja Nagar Ward,20750000.0,90.5,32.5
Govindpura,7779200.0,89.6,16.6
Govindraja Nagar,5000000.0,86.0,34.0
Gowdanapalya,8766666.666666666,86.66666666666667,28.333333333333332
Green Domain Layout,12250000.0,89.5,29.5
Green Garden Layout,5750000.0,87.5,27.5
Green Glen Layout,11804615.384615384,89.07692307692308,21.358974358974358
Green View Layout,4214285.714285715,84.14285714285714,20.714285714285715
Green Woods Layout,5950000.0,86.0,13.5
Greenwood City,33053846.153846152,84.53846153846153,28.076923076923077
Grihalakshmi Layout,15000000.0,84.0,30.0
Gubbalala,10311769.23076923,88.88461538461539,19.76923076923077
"Gubbi Cross, Hennur Main Road",30000000.0,95.0,21.0
Guddadahalli,10250000.0,85.0,21.0
Gulakamale,5000000.0,82.0,34.0
Gulimangala,5166666.666666667,90.66666666666667,25.666666666666668
Guni Agrahara,11750000.0,84.0,26.0
Gunjur,10095761.904761905,88.71428571428571,22.142857142857142
Gunjur Palya,3980600.0,88.1,22.9
Gurgaon,44400000.0,84.0,27.0
Gwal Pahari,33010384.145454545,82.7090909090909,27.29090909090909
HAL 2nd Stage,33927272.72727273,90.0909090909091,24.454545454545453
HAL 3rd Stage,19950000.0,84.0,24.5
HAL Layout,6500000.0,91.0,16.0
HBR Layout,13130000.0,88.45,22.25
HMT Layout,14560000.0,92.6,18.4
HOSUR MAIN ROAD,5533333.333333333,82.66666666666667,18.666666666666668
HOSUR RMAIN ROAD,5600000.0,89.0,13.0
HRBR Layout,14481578.94736842,90.36842105263158,19.105263157894736
HSR Layout,11541463.414634146,88.4390243902439,20.024390243902438
"HSR Layout 7th sector, ",15200000.0,82.0,34.0
Hadosiddapura,11000000.0,87.5,28.5
Hagadur,4783333.333333333,90.33333333333333,23.333333333333332
Hal old airport road,11000000.0,85.0,22.0
Halanayakanahalli,16500000.0,84.0,15.0
Hallehalli,5900000.0,90.0,23.5
Handenahalli,12000000.0,81.0,23.0
Hanumagiri,3800000.0,80.0,31.0
Hanuman Nagar,10800000.0,93.0,13.0
Hanumanth Nagar,5758750.0,90.75,15.75
Hanumantha Nagar,20333333.333333332,82.0,25.0
Haralur Road,9900247.311827958,88.31182795698925,21.387096774193548
"Haralur Road, ",18900000.0,92.0,19.0
Harappanahalli,19100000.0,84.0,20.333333333333332
Harlur,11177546.666666666,87.25333333333333,21.946666666666665
Harohalli,5200000.0,92.0,23.0
Harsha Layout,3800000.0,87.0,25.75
Havanur extension,36000000.0,85.0,14.0
Hebbal,16660386.666666666,88.23333333333333,21.66
Hebbal Kempapura,19733333.333333332,89.84848484848484,23.545454545454547
Hegde Nagar,13899687.5,87.5625,21.145833333333332
Hegganahalli,4700000.0,88.33333333333333,18.666666666666668
Hennagara,7400000.0,88.0,28.0
Hennur,7545739.583333333,89.95833333333333,21.458333333333332
Hennur Bande,11466666.666666666,89.33333333333333,18.166666666666668
Hennur Busstop,6270000.0,90.0,18.0
Hennur Gardens,11957142.857142856,88.57142857142857,20.285714285714285
Hennur Road,10523151.408450704,88.04929577464789,22.422535211267604
Heritage City,32487222.222222224,86.55555555555556,27.61111111111111
Herohalli,7612500.0,88.0,27.25
Hessarghatta,5757142.857142857,90.57142857142857,18.142857142857142
High grounds,19000000.0,93.0,32.0
Himagiri Meadows,13033333.333333334,89.0,18.0
Hiremath Layout,8960000.0,88.4,16.8
Hommadevanahalli,5000000.0,82.0,11.0
Hongasandra,7237500.0,86.5,20.875
Hoodi,9165022.727272727,88.30681818181819,21.454545454545453
"Hoodi Circle, ",6170000.0,88.14285714285714,19.857142857142858
Hoodi Layout,8150000.0,86.5,17.0
Horamavu Agara,5411926.8292682925,89.48780487804878,21.5609756097561
Horamavu Banaswadi,6732000.0,90.24,18.64
Hormavu,7135376.712328767,88.23287671232876,22.041095890410958
Hosa Road,6900349.206349206,88.58730158730158,21.603174603174605
Hosahalli,7000000.0,91.0,15.0
Hosahalli Extension,14300000.0,89.0,19.0
Hosakerehalli,17960333.333333332,87.02777777777777,21.38888888888889
Hosakerehalli Layout,8950000.0,90.0,28.0
Hosapalya,7133333.333333333,88.33333333333333,20.0
Hoskote,6192595.238095238,88.42857142857143,23.476190476190474
Hoskote near,2950000.0,86.0,19.0
Hosur Road,9452302.325581396,88.3953488372093,23.162790697674417
Housing Board Layout Vijay Nagar,22000000.0,92.0,30.0
Howthinarayanappa Garden,5200000.0,92.0,27.0
Hoysalanagar,5225000.0,89.5,27.25
Hsr layout sector3,37500000.0,80.0,30.0
Hulimavu,8670156.862745099,88.37254901960785,21.764705882352942
Hullahalli,9900000.0,87.0,18.0
Hunasamaranahalli,78750000.0,86.0,18.5
Huskur,3987750.0,89.875,23.25
Huttanahalli,32500000.0,95.0,14.0
ISRO Layout,13416666.666666666,87.66666666666667,19.166666666666668
ITI Employees Layout,23000000.0,96.0,17.0
ITI Layout,11371166.666666666,86.5,23.5
ITPL,9183200.0,88.1,20.5
Iblur Village,23181818.181818184,89.31818181818181,23.454545454545453
Iggalur,3050000.0,96.0,22.0
Ilyas Nagar,8166666.666666667,84.33333333333333,21.0
Immadihalli,6200000.0,92.5,24.0
Indira Nagar,28832558.139534883,88.11627906976744,21.930232558139537
Indira Nagar 3rd Stage,19900000.0,93.0,21.0
Indira Nagar Stage 2,9600000.0,94.0,30.0
Indiranagar HAL 2nd Stage,64000000.0,82.0,18.0
Indra Nagar,20900000.0,85.5,28.0
Indranagar  100ft road defence colony,8000000.0,90.0,30.0
Infantry Road,47250000.0,81.5,29.5
Ittamadu,8475000.0,86.0,18.625
J C Nagar,9433333.333333334,93.66666666666667,23.666666666666668
J P Nagar 7th Phase Ramayya City,35000000.0,92.0,23.0
J.P.nagar 6th Phase.Sarakki Nagar,18500000.0,93.0,31.0
JCR Layout,4032000.0,85.0,22.25
JP Nagar,12725307.142857144,88.7,21.2
"JP Nagar 7th Phase, ",8350000.0,82.5,17.0
"JP Nagar 8th Phase, ",16600000.0,87.5,21.5
"JP nagar 9th Phase, ",7200000.0,88.0,20.0
Jagadish Nagar,8800000.0,85.0,23.0
Jagajyothi layout,5800000.0,83.0,17.0
Jai Bheema Nagar,6250000.0,81.5,31.5
Jakkasandra,10200000.0,88.0,32.0
Jakkasandra Extension,10560000.0,89.2,23.8
Jakkur,13540463.768115941,87.53623188405797,21.246376811594203
Jakkur Plantation,16522222.222222222,86.77777777777777,22.77777777777778
JakkurYelahanka,7500000.0,87.0,27.0
Jakkuru Layout,5990000.0,89.33333333333333,23.666666666666668
Jaladarsini Layout,4800000.0,81.0,26.0
Jalahalli,9576438.775510205,87.9795918367347,20.387755102040817
Jalahalli East,5800666.666666667,86.5,19.833333333333332
Jalahalli West,4546000.0,92.25,17.625
Janatha Colony,5741500.0,94.5,17.5
Jaraganahalli Jp Nagar Post,6500000.0,88.0,21.0
Javarandoddi,4000000.0,93.0,19.0
Jay an agar 4 T Block,12000000.0,90.0,20.0
Jaya Mahal layout,20650000.0,92.5,24.0
Jaya Nagar East,35000000.0,86.0,33.0
Jayamahal,34666666.666666664,91.66666666666667,19.0
Jayamahal Extension,33500000.0,92.0,32.0
Jayanagar,20242857.14285714,87.57142857142857,19.714285714285715
"Jayanagar, ",16500000.0,94.0,31.0
Jayanti Nagar,8249666.666666667,90.33333333333333,21.666666666666668
Jaymahal Road,40000000.0,92.0,20.0
Jeevan bima nagar,14114285.714285715,91.0,25.285714285714285
Jeevanhalli,3500000.0,93.0,12.0
Jharsa,6500000.0,77.0,19.0
Jigani,7424901.960784313,87.92156862745098,21.823529411764707
Jinkethimmanahalli,9433333.333333334,85.66666666666667,27.333333333333332
Jnana Ganga Nagar,8200000.0,81.33333333333333,20.666666666666668
Jnanabharathi Layout,11050000.0,87.0,26.25
Jogupalya,13000000.0,92.0,16.0
Jp nagar 8th Phase .,52500000.0,90.0,11.0
Judicial Layout,19355466.666666668,87.13333333333334,20.4
"Judicial Layout, Kanakapura Road, ",4825000.0,91.75,20.25
Junnasandra,24000000.0,92.0,33.0
Jyothi Nagar,3275000.0,82.5,22.0
Jyoti Park,8200000.0,77.0,19.0
K G Colony,5000000.0,95.0,10.0
K N Extension,12000000.0,80.0,15.0
K R C kothanur,4500000.0,94.0,18.0
KAMAKIYA,13500000.0,84.0,30.0
KEB Colony,6342000.0,93.5,17.5
KG Halli,2600000.0,81.0,28.0
KHB Colony Extension,6500000.0,90.0,16.0
KPC Layout,6200000.0,88.0,10.0
KR Garden,11460000.0,89.8,25.2
KR Layout,26033333.333333332,92.33333333333333,22.666666666666668
KR Puram,8462961.538461538,87.65934065934066,21.78021978021978
KSRTC Layout,7416666.666666667,85.66666666666667,21.666666666666668
KUDLU MAIN ROAD,5350000.0,90.5,20.0
Kachanayakanahalli,3800000.0,90.33333333333333,25.0
Kacharakanahalli,6367200.0,90.2,22.8
Kada Agrahara,4460000.0,87.8,20.8
Kadabagere,3170000.0,90.8,21.0
Kadarenahalli,6250000.0,92.0,16.5
Kadarpur,2650000.0,79.5,26.0
Kadubeesanahalli,12515384.615384616,89.46153846153847,17.0
Kadugodi,9688128.205128206,88.41025641025641,23.307692307692307
Kadugondanahalli,6018000.0,91.6,23.8
Kaggadasapura,6128437.5,88.53125,22.40625
Kaggalipura,7092105.263157895,88.84210526315789,23.210526315789473
Kaikondrahalli,7810588.235294118,88.82352941176471,19.0
Kalasipalya,30000000.0,87.0,29.0
Kalena Agrahara,7348484.848484849,89.03030303030303,22.424242424242426
Kalhalli,16000000.0,94.0,21.0
Kalkere,5440000.0,89.2,22.6
Kalkere Channasandra,5300000.0,92.0,21.0
Kallumantapa,5460000.0,89.6,26.6
Kalyan nagar,12081578.94736842,90.10526315789474,21.842105263157894
Kamakshipalya,8744444.444444444,87.11111111111111,22.22222222222222
Kamakya Layout,15266666.666666666,85.66666666666667,19.333333333333332
Kamala Nagar,13900000.0,91.0,21.75
Kambipura,4471500.0,90.85714285714286,23.5
Kamdhenu Nagar,4600000.0,82.0,21.0
Kammagondahalli,8412500.0,86.0,21.0
Kammanahalli,11952941.176470589,87.23529411764706,23.529411764705884
Kammasandra,3805448.275862069,87.41379310344827,20.517241379310345
Kanaka Nagar,10925000.0,91.875,16.375
Kanakadasa Layout,9500000.0,92.0,34.0
Kanakapur main road,4304000.0,93.0,27.0
Kanakapura,5973448.717948718,88.94871794871794,24.102564102564102
Kanakapura  Rod,4568000.0,83.0,34.0
Kanakapura Main Road,3780000.0,97.0,31.0
Kanakapura Road,13000000.0,84.0,17.0
"Kanakapura Road, ",9500000.0,83.0,19.0
Kanakapura main  Road,5233000.0,86.0,31.0
Kanakpura Road,7313831.140350877,88.37280701754386,21.864035087719298
Kannamangala,9010944.444444444,89.94444444444444,21.333333333333332
Kannur,5500000.0,95.0,28.0
Kariyammana Agrahara,9000000.0,93.5,18.0
Karnataka Shabarimala,7000000.0,84.0,31.0
Karuna Nagar,13933333.333333334,87.5,20.833333333333332
Kasavanhalli,11289179.487179488,88.92307692307692,21.628205128205128
Kashi Nagar,5733333.333333333,81.33333333333333,16.0
Kasthuri Nagar East Of NGEF,46000000.0,80.0,23.0
Kasturi Nagar,12796875.0,89.875,25.625
Kathreguppe,72500000.0,89.0,18.0
Kathriguppe,7783473.684210527,87.63157894736842,19.42105263157895
Kathriguppe IV Phase,13100000.0,83.0,24.0
Kattigenahalli,10712500.0,87.5,19.875
Kaval Byrasandra,6159090.909090909,89.77272727272727,22.045454545454547
Kaverappa Layout,8988888.888888888,88.0,21.666666666666668
Kaveri Nagar,12000000.0,88.33333333333333,21.666666666666668
Kavika Layout,9233333.333333334,87.66666666666667,16.333333333333332
Keerthi Layout,2500000.0,94.0,14.0
Kempapura,15250000.0,87.0,16.5
Kempegowda Nagar,10150000.0,86.0,14.0
Kenchanehalli R R Nagar,4512000.0,81.0,11.0
Kenchenahalli,6325000.0,89.3125,23.75
Kenchenhalli,7399666.666666667,93.66666666666667,24.0
Kengeri,6203791.666666667,89.66666666666667,22.76388888888889
Kengeri Hobli,5566666.666666667,89.66666666666667,27.333333333333332
Kengeri Satellite Town,5459087.5,89.4,24.075
Kengeri Satellite Town ( BDA SITE),17200000.0,86.0,21.0
Kengeri Satellite Town KHB Apartment,4500000.0,85.0,10.0
Kengeri Satellite Town Stage II,2000000.0,87.0,17.0
Kereguddadahalli,3581875.0,87.9375,23.1875
Keshava Nagar,14428571.42857143,91.0,19.571428571428573
Kirloskar Layout,10050000.0,85.0,27.5
"Kirloskar layout, Basaveshwarnagar",4950000.0,86.0,31.0
Kithaganur,6466666.666666667,90.0,25.0
Kodanda Reddy Layout,10500000.0,82.0,15.0
Kodathi,3332500.0,90.25,15.5
Kodbisanhalli,14975000.0,88.625,22.75
Kodichikkanahalli,6964814.814814814,88.88888888888889,18.037037037037038
Kodigehaali,8069230.769230769,88.61538461538461,21.384615384615383
Kodigehalli,10233272.727272727,93.18181818181819,21.818181818181817
Kodihalli,36773333.333333336,87.4,23.333333333333332
Kodipalya,5900000.0,88.0,24.0
Kogilu,10353200.0,87.75,22.1
Konanakunte,18923076.923076924,86.92307692307692,22.23076923076923
Konanakunte Cross,9800000.0,89.0,18.0
Konappana Agrahara,4250000.0,80.0,28.0
Konena Agrahara,18900000.0,90.33333333333333,15.666666666666666
Koppa,6900000.0,88.0,30.0
Koramangala,20521500.0,87.78571428571429,22.428571428571427
Koramangala Industrial Layout,57500000.0,89.0,29.5
Kothannur,5892884.615384615,90.38461538461539,23.423076923076923
Kothanur,9774754.098360656,88.75409836065573,23.34426229508197
Kothnoor Dinne,3650000.0,92.0,16.5
Kothnur Narayanapura,10050000.0,94.0,29.0
Krishna Nagar,11500000.0,84.0,22.0
Krishna Reddy Layout,20433333.333333332,84.33333333333333,22.0
Kudlu,6001760.0,88.56,21.36
Kudlu Gate,8357680.555555556,88.94444444444444,22.805555555555557
"Kudlu Village, ",6400000.0,88.0,18.0
Kullappa Colony,6250000.0,90.0,24.0
Kumara Park,39283333.333333336,92.0,23.333333333333332
Kumarapalli,6065000.0,89.5,20.25
Kumaraswami Layout,11571666.666666666,88.9,20.133333333333333
Kumbalgodu,13750000.0,89.0,14.0
Kumbena Agrahara,7623666.666666667,89.33333333333333,22.333333333333332
Kumbhena Agrahara,15000000.0,92.0,34.0
Kundalahalli,13381186.046511628,87.0,22.790697674418606
Kundalahalli Colony,11671428.57142857,87.71428571428571,25.0
Kurubarahalli,6420000.0,92.4,19.2
Kuvempu Layout,16000000.0,88.0,18.0
Kuvempu Nagar,14125000.0,88.75,24.75
Kyalasanahalli,10450000.0,89.0,19.0
LB Shastri Nagar,7572727.2727272725,87.27272727272727,18.272727272727273
LIC Colony,11500000.0,83.0,26.0
Laggere,10191666.666666666,87.41666666666667,22.25
Lake City,2920000.0,89.75,25.5
Lakkasandra,18800000.0,94.0,21.5
Lakkasandra Extension,25000000.0,95.0,30.0
Lakshmi Layout,12250000.0,89.25,21.0
Lakshmiamma Garden,19250000.0,84.5,24.0
Lakshminarayana Pura,9713888.888888888,88.86111111111111,22.86111111111111
"Lakshminarayanapura, Electronic City Phase 2",7550000.0,86.0,15.0
Lakshmipura,8333333.333333333,89.66666666666667,18.0
Lakshmipura Vidyaanyapura,12000000.0,83.0,14.0
Lal Bahadur Shastri Nagar,11650000.0,92.5,29.0
Lalbagh Road,36700000.0,89.0,25.0
Langford Gardens,64950000.0,82.5,13.0
Langford Town,12833333.333333334,89.33333333333333,25.666666666666668
Lavakusha Nagar,7550000.0,86.5,20.0
Lavelle Road,38620000.0,89.6,25.8
Laxman Vihar,5851000.0,91.0,35.0
Laxmi Sagar Layout,15900000.0,87.5,19.5
Laxminarayana Layout,14500000.0,84.0,32.0
Lingadheeranahalli,11534826.086956521,88.26086956521739,21.130434782608695
Lingarajapuram,7276222.222222222,86.66666666666667,21.555555555555557
Lottegolla Halli,23166666.666666668,90.0,22.666666666666668
M C Layout,24500000.0,83.0,13.0
M V Extenstion,11750000.0,97.0,17.0
M.G Road,20000000.0,81.0,14.0
MCECHS  layout,8850000.0,88.25,20.25
"MEI layout, Bagalgunte",9000000.0,90.0,18.0
MG Road,66437947.368421055,85.0,25.263157894736842
MLA Layout,3800000.0,89.0,19.0
MM Layout,4500000.0,86.0,25.0
MRCR Layout,9000000.0,92.0,13.0
MS Pallya,12975000.0,87.0,18.375
Madanayakahalli,3400000.0,83.0,24.0
Madavara,4100000.0,94.0,32.5
Madiwala,6592857.142857143,87.0,23.571428571428573
Magadi Road,7762660.0,88.6,21.4
Mahadevpura,7651300.0,88.96666666666667,20.833333333333332
Mahaganapathy Nagar,7000000.0,82.0,24.5
Mahalakshmi Layout,29484615.384615384,88.46153846153847,22.23076923076923
Mahalakshmi Puram,21162500.0,92.125,23.75
Maheswari Nagar,6000000.0,91.0,16.0
Mailasandra,4366000.0,84.0,11.0
Maithri Layout,5572600.0,89.6,19.2
Makali,1600000.0,91.33333333333333,21.0
Malibu Town,26991454.545454547,84.06493506493507,26.116883116883116
Malimakanapura,7000000.0,95.0,16.0
Mallappa Layout,7500000.0,97.0,20.0
Mallasandra,7104937.5,89.75,23.5
Mallathahalli,6081600.0,89.8,23.8
Malleshpalya,8005058.823529412,88.17647058823529,18.235294117647058
Malleshwaram,35988035.71428572,88.33928571428571,21.160714285714285
Malur Hosur Road,10000000.0,94.0,19.0
Manayata Tech Park,8187500.0,89.125,23.125
Mangammanapalya,5183333.333333333,88.0,18.666666666666668
Manganahalli,9800000.0,81.0,32.0
Mango Garden Layout,12500000.0,91.0,10.0
Manjunath Nagar,15600000.0,86.25,19.5
Manjunatha Layout,9250000.0,85.0,18.0
Manonarayanapalya,5200000.0,95.0,26.0
Manorayana Palya,9066666.666666666,88.33333333333333,31.0
"Maragondana Halli, kr puram, old madras road",5000000.0,86.0,20.0
Maragondanahalli,6404166.666666667,93.83333333333333,17.166666666666668
Marasandra,13866666.666666666,89.33333333333333,18.0
Marathahalli,10337403.61445783,88.99397590361446,22.349397590361445
Marathalli bridge,12000000.0,95.0,19.0
Marenahalli,10750000.0,90.0,14.0
Margondanahalli,6629040.0,88.32,20.56
Mariyannapalya,4600000.0,88.5,19.0
Marsur,6940000.0,89.6,22.5
Maruthi Extension,18000000.0,90.0,26.0
Maruthi HBCS Layout,3950000.0,90.0,27.0
Maruthi Layout,4200000.0,82.0,24.0
Maruthi Nagar,12840000.0,87.2,25.2
Maruthi Sevanagar,13571428.57142857,89.71428571428571,20.428571428571427
Maruthi nagar kogilu,7800000.0,94.0,17.0
Masjid e Alkareem,6200000.0,95.0,25.0
Mathikere,12555555.555555556,87.88888888888889,24.77777777777778
Mathikere Extension,15916666.666666666,91.66666666666667,29.0
Mathikere SBM colony,16000000.0,96.0,16.0
Mayfield Garden,25033333.333333332,83.88888888888889,31.666666666666668
Medahalli,7638888.888888889,87.88888888888889,19.11111111111111
Medaralli,8400000.0,86.0,32.0
Medi Agrahara,8500000.0,94.0,18.0
Meenakshi Layout,22000000.0,82.0,25.0
Meenakunte,25583333.333333332,86.33333333333333,21.0
Michael Palaya,20000000.0,87.0,24.0
Mico Layout,8602083.333333334,90.58333333333333,21.25
Milk Colony,24000000.0,90.0,26.0
Millers Road,46000000.0,88.0,10.0
Moodalapalya,7225000.0,88.75,19.0
Motappa Layout,5554500.0,86.16666666666667,18.0
Mudalpalaya,15500000.0,89.0,25.0
Mukkutam Nagar,18000000.0,96.0,18.0
Mullur,9500000.0,92.0,22.0
Muneshwara Nagar,5700000.0,89.5,31.0
Munivenkatppa Layout,22600000.0,88.2,24.6
Munnekollal,12062208.333333334,88.33333333333333,23.791666666666668
Murugeshpalya,10257142.857142856,89.57142857142857,22.214285714285715
Muthurayya Swamy Layout,31000000.0,94.0,14.5
Muthyala Nagar,16500000.0,80.0,17.0
Mylasandra,6300000.0,85.75,18.5
Mysore Road,6882897.959183673,87.16326530612245,21.102040816326532
N R Layout,12000000.0,80.0,18.0
NGR Layout,4647583.333333333,89.58333333333333,23.666666666666668
NR Colony,4005000.0,90.0,22.0
NRI Layout,8606571.42857143,86.78571428571429,23.857142857142858
NS Palya,14225000.0,83.25,23.5
NTI Layout,5250000.0,95.0,32.0
Nagadevanahalli,10444444.444444444,89.22222222222223,23.444444444444443
Naganathapura,6768500.0,88.1,19.8
Nagappa Reddy Layout,6032000.0,87.0,24.1
Nagaraja Garden,9402500.0,88.75,31.0
Nagarbhavi,11720333.333333334,87.7,21.216666666666665
Nagarbhavi  BDA Complex,8500000.0,96.0,16.0
Nagarbhavi Garden Villas Layout,18000000.0,88.0,18.0
Nagasandra,15783333.333333334,91.25,24.25
Nagashetty Halli,8920000.0,88.8,19.0
Nagavara,10901235.294117646,87.88235294117646,21.529411764705884
Nagavarapalya,7606461.538461538,87.38461538461539,17.615384615384617
Nagawara Junction,14066666.666666666,89.0,20.5
Nagondanahalli,5330000.0,95.4,19.6
Naidu Layout,7950000.0,89.5,26.0
Nallurhalli,6900000.0,85.875,22.0
Nandi Durga Road,28750000.0,85.5,19.0
Nandi Hills,24500000.0,83.0,18.0
Nandini Layout,8400000.0,83.66666666666667,25.0
Nanjappa Garden,13000000.0,91.0,19.5
Nanjappa Layout,7809333.333333333,88.66666666666667,27.666666666666668
Nanjappa Layout Vidyaranyapura,11500000.0,91.0,24.0
Narayana Nagar 1st Block,6266666.666666667,88.66666666666667,20.666666666666668
Narayanappa Garden,7000000.0,83.0,16.0
Narayanappa Layout,9000000.0,95.0,24.0
Narayanapura,8722800.0,87.7,25.4
Navodaya Nagar,18000000.0,85.0,11.0
Nayandanahalli,9850000.0,84.5,23.5
Ncpr Industrial Layout,7250000.0,86.0,20.0
"Near Electronic City, ",15000000.0,95.0,13.0
Near International Airport,10300000.0,81.0,28.5
Near ullas theater,20500000.0,83.0,28.0
Neeladri Nagar,8726923.076923076,91.0,21.076923076923077
Neelamangala,5650000.0,88.0,20.5
Neelasandra,14500000.0,85.0,32.0
Nehru Nagar,8637272.727272727,88.81818181818181,24.0
Nelamangala,6568750.0,91.5,21.875
New Gurappana Palya,12480000.0,83.6,18.4
New Gurgaon,7990000.0,84.0,22.0
New Palam Vihar,3309800.0,86.8,25.2
New Thippasandra,14830000.0,89.5,24.166666666666668
New golf course ext road,10400000.0,93.0,25.0
Ngef Layout,41900000.0,87.75,21.75
Nirman Layout,6000000.0,83.0,27.0
Nirvana Country,32071200.0,84.7,26.95
Nobo Nagar,10666666.666666666,85.0,14.333333333333334
Nrupathunga Nagar,8000000.0,96.0,13.0
Nyanappana Halli,7100000.0,84.5,21.5
OLd Gurappanapalya,15100000.0,89.25,26.0
OMBR Layout,13239473.684210526,87.73684210526316,20.94736842105263
Off Bannergatta Road,8700000.0,89.0,21.0
Off Bannergatta road,11500000.0,96.0,34.0
"Off Sarjapur Road, ",8720000.0,86.2,26.0
"Off Sarjapur road, ",34200000.0,88.0,30.0
Okalipura,12000000.0,96.0,11.0
Old Airport Road,18174655.172413792,88.34482758620689,23.310344827586206
Old Madras Road,12420439.393939395,89.12121212121212,23.0
Old Mangammanapalya Road,14000000.0,86.0,30.0
Old Town,20000000.0,90.0,24.0
Omarbagh Layout,29325000.0,89.5,24.5
Omkar Nagar,6750000.0,88.0,22.0
Outer Ring Road East,20485714.285714287,89.0,22.142857142857142
P Krishnappa Layout,7700000.0,92.0,21.0
P&T Colony,2003000.0,81.0,25.0
P&T Layout,4136666.6666666665,93.0,21.666666666666668
PC Palaya,4800000.0,97.0,27.0
PNS Layout,6500000.0,88.0,30.0
Padmanabhanagar,14063142.857142856,88.5,20.321428571428573
Pai Layout,6726315.7894736845,90.89473684210526,24.05263157894737
"Pai layout , Mahadevapura",21400000.0,97.0,23.0
Palace Guttahalli,20750000.0,86.0,22.75
Palace Road,13750000.0,89.0,27.0
Palam Vihar,22278300.970873788,84.23300970873787,27.097087378640776
Palam Vihar Extension,36500000.0,93.0,35.0
Palanahalli,49266666.666666664,88.66666666666667,24.0
Pampa Extension,12516666.666666666,89.0,21.0
Panathur,7362040.816326531,89.51020408163265,20.510204081632654
"Panathur Road, ",5300000.0,81.0,11.0
Panduranga Nagar,6000000.0,90.0,19.5
Papareddipalya,11500000.0,83.0,12.0
Parappana Agrahara,5183333.333333333,89.16666666666667,23.833333333333332
Park View Layout,7000000.0,86.0,22.0
Pataudi Road,10100000.0,78.0,36.0
Patelappa Layout,14350000.0,88.0,23.5
Pattanagere,7125000.0,89.25,24.0
Pattandur Agrahara,5856500.0,87.2,22.2
Pattegarhpalya,14000000.0,95.0,20.0
Peenya,7621111.111111111,87.22222222222223,17.88888888888889
Phase 1 Kammasandra,2659000.0,84.5,29.5
Phase 2 Sushant Lok 3,15500000.0,94.0,19.0
Pillahalli,9200000.0,93.0,25.0
Pillanna Gardens,2000000.0,85.0,27.0
Poorna Pragna Layout,9601615.384615384,89.84615384615384,19.23076923076923
Poornapragna Housing Society Layout,13190000.0,91.25,19.25
Popular Colony,5400000.0,91.0,23.0
Postal Colony,20900000.0,86.5,29.0
Pragathi Nagar,4259875.0,89.5,19.75
Prakash Nagar,5500000.0,91.0,34.0
Prakruthi Nagar,6000000.0,83.0,30.0
Prakruthi Township,15000000.0,94.0,15.0
Prasanna layout Herohalli,14000000.0,96.0,23.0
Prasanth Extension,4614000.0,82.0,11.0
Prasanti Nagar,19000000.0,81.0,31.0
Prashanth Nagar,33666666.666666664,89.0,24.0
Prestige Sunrise,4100000.0,89.0,33.0
Prithvi Layout,14496153.846153846,88.53846153846153,21.615384615384617
Pulikeshi Nagar,28500000.0,96.0,21.0
Pulkeshi Nagar,9910000.0,91.0,28.5
Punappa Layout,5500000.0,86.0,19.0
Puttanahalli,5900000.0,88.0,22.25
Puttappa Layout,29000000.0,88.0,28.0
Queens Road,16900000.0,95.0,33.0
R.T. Nagar,13830555.555555556,88.86111111111111,21.0
RBI Layout,8700000.0,89.0,31.0
RK Colony,23000000.0,96.0,24.0
RK Layout 2nd Stage,7750000.0,97.0,15.0
RMC YARD,16200000.0,80.0,34.0
RMV,36333333.333333336,89.33333333333333,17.666666666666668
RMV 2nd Stage,27700000.0,91.28571428571429,23.428571428571427
RMV Extension,9480000.0,91.4,27.2
RMV Extension Stage 2,14000000.0,94.0,23.0
"RMV extension stage 2, rmv extension",32400000.0,83.0,14.0
RPC layout,9500000.0,86.0,18.666666666666668
RR Layout,12800000.0,89.0,26.0
RR Nagar,3400000.0,95.0,34.0
RTO ullalu,11000000.0,86.0,29.0
RWF West Colony,6682000.0,93.0,22.25
Race Course Road,52500000.0,92.5,14.0
Rachenahalli,7648325.5813953485,88.83720930232558,21.232558139534884
Raghavendra Layout,8950000.0,84.5,29.5
Raghavendra Nagar,8109000.0,91.66666666666667,25.666666666666668
Raghuvanahalli,18086000.0,86.4,24.4
Rahat Bagh,55000000.0,96.0,29.0
Rahmath Nagar,9800000.0,91.0,13.0
Rainbow Drive,13800000.0,93.0,21.0
Raja Rajashweri Nagar,4512000.0,94.0,32.0
Raja Rajeshwari Nagar,6608194.968553459,88.69182389937107,22.534591194968552
Raja Rajeshwari Nagar 5th Stage,5458250.0,86.0,25.25
Raja Rajeshwari Nagara,8100000.0,85.0,24.0
Rajagopala Nagar,4000000.0,93.0,15.0
Rajaji Nagar,32769308.41121495,89.02803738317758,21.72897196261682
Rajankunte,23500000.0,88.0,20.5
Rajanna Layout,3760000.0,84.0,25.0
Rajapura,5000000.0,86.0,30.0
Rajarajesheari nagar,4480000.0,81.0,31.0
Rajarajeshwari Nagara,15170666.666666666,90.33333333333333,18.333333333333332
Rajarajeshwari nagar,15170666.666666666,87.66666666666667,18.333333333333332
Rajarajeshwarinagar,20500000.0,89.5,14.0
Rajasree Layout,8000000.0,82.5,19.5
Rajiv Gandhi Nagar,7260000.0,87.0,23.0
Rajiv Nagar,11648500.0,89.16666666666667,21.833333333333332
Ramagondanahalli,13316574.468085106,88.17021276595744,21.659574468085108
Ramakrishnappa Layout,66285714.28571428,89.85714285714286,19.428571428571427
Ramamohanapuram,50000000.0,91.0,14.0
Ramamurthy Nagar,8669507.04225352,88.80281690140845,22.507042253521128
Ramamurthy Nagar Extension,4956500.0,89.5,24.0
Ramanagara Channapatna,7500000.0,96.0,32.0
Ramanashree Enclave,5375000.0,91.0,20.0
Ramanjaneyanagar,8667800.0,83.0,25.8
Ramaswamy Palya - Kammanahalli Main Road,21000000.0,82.0,20.0
Ramchandrapuram,5500000.0,88.0,30.0
Ramesh Nagar,13666666.666666666,88.33333333333333,16.333333333333332
Ramgarh,9900000.0,81.0,30.0
Rammana Layout,10000000.0,80.0,20.0
Rayasandra,6259181.818181818,88.31818181818181,24.09090909090909
Reliaable Tranquil Layout,6742857.142857143,86.85714285714286,16.428571428571427
Reliable Woods Layout,5800000.0,91.0,17.0
Remco Bhel Layout,8300000.0,86.5,23.5
Rest House Road,69000000.0,82.5,20.0
Richards Town,21142857.14285714,92.28571428571429,23.285714285714285
Richmond Road,63000000.0,88.0,17.0
Richmond Town,27955555.555555556,86.66666666666667,20.555555555555557
Ring Road Nagarbhavi,23500000.0,84.0,28.0
Roopena Agrahara,6261375.0,85.25,25.25
Rosewood,19031666.666666668,86.33333333333333,27.666666666666668
Rukmaiah Layout,8606000.0,89.0,19.0
Rustam Bagh Layout,8980000.0,94.8,25.0
S R Layout,4800000.0,89.0,22.0
SARJAPUR BAGALUR ROAD,8000000.0,80.0,25.0
SBM Colony,37750000.0,85.5,16.5
SHANTHINAGAR,9500000.0,96.0,28.0
SK Garden,17500000.0,82.0,32.0
SMV layout,12366666.666666666,84.33333333333333,20.666666666666668
SRINIVASAPURA,5659000.0,91.0,24.0
Sabari Nagar,6000000.0,82.0,10.0
Sadahalli,13000000.0,94.0,33.0
Sadanand Nagar,35000000.0,87.0,23.5
Sadaramangala,5249333.333333333,90.0,18.0
Sadashiva Nagar,101110000.0,88.9,19.5
Sadduguntepalya,7500000.0,92.0,23.0
Sadhguru Layout,5500000.0,83.0,23.0
Sahakara Nagar,10649054.054054054,88.86486486486487,21.945945945945947
Sahyadri Layout,18000000.0,92.0,13.0
Sai Gardens,5825000.0,85.5,21.0
Samaspur,2800000.0,85.0,18.0
Samethanahalli,4883333.333333333,90.33333333333333,23.166666666666668
Sampangi Rama Nagar,12666666.666666666,88.66666666666667,22.0
Sampangirama Nagar,14000000.0,94.0,11.0
Sampige Layout,9000000.0,94.0,22.0
Sampigehalli,6800000.0,88.5,29.5
Sanjay nagar,12636000.0,85.55,20.6
Sanjeevini Nagar,23333333.333333332,85.0,14.333333333333334
Sanne Amanikere,3666666.6666666665,83.33333333333333,19.333333333333332
Saptagiri Layout,4400000.0,96.0,14.0
Sarakki Nagar,24187357.14285714,90.85714285714286,20.5
Sarjapur,9463401.234567901,88.1358024691358,20.604938271604937
Sarjapur  Road,12219952.18579235,88.18306010928961,22.18032786885246
"Sarjapur Road, ",13350000.0,88.875,25.125
Sarjapura - Attibele Road,7874000.0,88.94117647058823,22.470588235294116
Sarvabhouma Nagar,9200000.0,85.33333333333333,14.0
Sarvobhogam Nagar,14000000.0,90.0,13.0
Sathanur,11000000.0,85.0,25.0
Sathya Layout,8433333.333333334,84.0,21.666666666666668
Sathya Sai Layout,60925000.0,90.625,22.375
Satyasaibaba Layout,4225000.0,93.0,11.0
Sec 90,3250000.0,93.0,18.0
"Sector - 33, Sohna, Gurgaon",31344571.0,79.0,16.0
Sector 1 HSR Layout,28822222.222222224,88.33333333333333,24.0
Sector 1 Imt Manesar,6183333.166666667,84.83333333333333,28.0
Sector 102 Gurgaon,19283863.51440329,84.44855967078189,26.366255144032923
Sector 103 Gurgaon,11345424.666666666,84.1264367816092,26.804597701149426
Sector 104 Gurgaon,17264174.216216218,84.20270270270271,27.83783783783784
Sector 106 Gurgaon,27354238.902097903,85.04195804195804,27.62937062937063
Sector 107 Gurgaon,8804621.621212121,85.5909090909091,26.46969696969697
Sector 108 Gurgaon,27346611.02238806,84.41791044776119,27.007462686567163
Sector 109 Gurgaon,19776707.0,84.6470588235294,27.044117647058822
Sector 10A Gurgaon,15333333.333333334,82.0,29.333333333333332
Sector 110 A Gurgaon,17445454.545454547,84.54545454545455,27.90909090909091
Sector 110 Gurgaon,33006917.277777776,86.36111111111111,28.555555555555557
Sector 111 Gurgaon,31409100.23287671,85.0958904109589,26.34246575342466
Sector 112 Gurgaon,53642758.41935484,84.48387096774194,27.64516129032258
Sector 113 Gurgaon ,25399841.751677852,84.6510067114094,26.65771812080537
Sector 14 Gurgaon,25460500.0,90.5,20.5
Sector 15 Gurgaon,26242333.333333332,84.66666666666667,29.0
Sector 15 Part 2,35883333.333333336,85.66666666666667,20.0
Sector 17 Gurgaon,59642857.14285714,88.42857142857143,29.142857142857142
Sector 17A Gurgaon,39000000.0,75.0,39.0
Sector 17B Gurgaon,84500000.0,78.0,23.0
Sector 1A IMT Manesar,13500000.0,87.0,27.0
Sector 2 Gurgaon,8600000.0,81.0,31.5
Sector 2 HSR Layout,8602562.5,88.0,21.0625
Sector 21 Gurgaon,36000000.0,86.5,31.5
Sector 22 Gurgaon,33746056.79545455,83.86363636363636,27.5
Sector 22B Gurgaon,27200000.0,75.0,27.0
Sector 23 Gurgaon,21848484.848484848,85.57575757575758,26.924242424242426
Sector 23A Gurgaon,42880000.0,85.8,22.4
Sector 26 Gurgaon,47513888.88888889,84.5,27.61111111111111
Sector 27 Gurgaon,25166666.666666668,85.77777777777777,31.11111111111111
Sector 28 Gurgaon,37158936.14893617,85.31914893617021,27.340425531914892
Sector 3 Gurgaon,15967857.17857143,83.96428571428571,26.214285714285715
Sector 3 HSR Layout,19000000.0,91.0,15.0
Sector 30 Gurgaon,62817266.666666664,83.13333333333334,28.733333333333334
Sector 31 Gurgaon,26633965.51724138,85.44827586206897,27.17241379310345
Sector 33 Gurgaon,20413409.09090909,86.63636363636364,31.727272727272727
Sector 36 Sohna,6448867.7,85.4,27.4
Sector 36A Gurgaon,27590000.0,83.3125,26.3125
Sector 37C Gurgaon,10955056.366197184,83.40845070422536,27.816901408450704
Sector 37D Gurgaon,13454059.973509934,84.65562913907284,27.218543046357617
Sector 38 Gurgaon,20750000.0,81.75,26.0
Sector 39 Gurgaon,15775000.0,81.75,28.25
Sector 4 Gurgaon,15942857.142857144,84.0,25.714285714285715
Sector 4 HSR Layout,70000000.0,87.0,13.0
Sector 40 Gurgaon,26618750.0,84.0,23.9375
Sector 41 Gurgaon,24566136.363636363,82.54545454545455,25.59090909090909
Sector 42 Gurgaon,257203717.94871795,83.97435897435898,27.076923076923077
Sector 43 Gurgaon,22499269.230769232,85.65384615384616,26.51923076923077
Sector 45 Gurgaon,25327333.333333332,84.77777777777777,27.47222222222222
Sector 46 Gurgaon,22129583.333333332,84.02777777777777,24.416666666666668
Sector 47 Gurgaon,32356933.316666666,85.25,27.016666666666666
Sector 48 Gurgaon,43821223.694690265,84.37610619469027,26.508849557522122
Sector 49 Gurgaon,24562354.83870968,84.55645161290323,26.806451612903224
Sector 50 Gurgaon,24629068.62745098,84.16666666666667,28.852941176470587
Sector 51 Gurgaon,21499972.972972974,84.27027027027027,29.83783783783784
Sector 52 Gurgaon,19312333.333333332,85.1,26.583333333333332
Sector 53 Gurgaon,53166238.38372093,84.68604651162791,27.91860465116279
Sector 54 Gurgaon,71859980.69008264,85.0495867768595,26.93801652892562
Sector 55 Gurgaon,18112503.25,83.4375,27.9375
Sector 56 Gurgaon,18381225.0,83.475,27.633333333333333
Sector 57 Gurgaon,20358908.536585364,84.3170731707317,27.103658536585368
Sector 59 Gurgaon,49109278.44594595,84.22972972972973,26.91216216216216
Sector 6 HSR Layout,46500000.0,90.0,24.25
Sector 60 Gurgaon,33398628.1,83.84285714285714,27.685714285714287
Sector 61 Gurgaon,29352301.0989011,85.3956043956044,28.46153846153846
Sector 62 Gurgaon,41203787.32666667,84.34,27.19333333333333
Sector 63 Gurgaon,35565724.31764706,84.97647058823529,26.341176470588234
Sector 63A Gurgaon,23895670.544,84.776,27.016
Sector 64 Gurgaon,6500000.0,83.0,33.0
Sector 65 Gurgaon,41583069.41853035,84.92651757188499,27.076677316293928
Sector 66 Gurgaon,34642848.97887324,83.94366197183099,26.802816901408452
Sector 67 Gurgaon,25092513.259067357,84.73056994818653,26.95336787564767
Sector 67A Gurgaon,10718408.095238095,83.92380952380952,27.095238095238095
Sector 68 Gurgaon,12336720.217391305,85.07246376811594,28.159420289855074
Sector 69 Gurgaon,17778260.60784314,85.3529411764706,25.980392156862745
Sector 7 Gurgaon,16500000.0,81.5,24.0
Sector 7 HSR Layout,16757615.384615384,87.92307692307692,22.384615384615383
Sector 70 Gurgaon,16626894.545454545,84.72727272727273,25.954545454545453
Sector 70A Gurgaon,13902829.6185567,83.76288659793815,26.90721649484536
Sector 71 Gurgaon,11460105.245614035,84.87719298245614,26.57894736842105
Sector 72 Gurgaon,35481895.061728396,83.9753086419753,27.876543209876544
Sector 73 Gurgaon,38366666.666666664,88.5,25.166666666666668
Sector 74 Gurgaon,17173279.48275862,84.10344827586206,26.20689655172414
Sector 76 Gurgaon,20995284.52173913,84.66304347826087,27.72826086956522
Sector 77 Gurgaon,17128139.534883723,84.67441860465117,27.325581395348838
Sector 78 Gurgaon,10628571.42857143,82.57142857142857,27.428571428571427
Sector 79 Gurgaon,16884028.26190476,84.6547619047619,27.44047619047619
Sector 80 Gurgaon,13000000.0,87.0,29.5
Sector 81 Gurgaon,23978704.21656051,85.27388535031847,27.45859872611465
Sector 82 Gurgaon,13989806.688172042,85.03225806451613,28.236559139784948
Sector 82A Gurgaon,23751052.63157895,84.94736842105263,26.526315789473685
Sector 83 Gurgaon,12493500.306569343,84.74452554744525,27.635036496350367
Sector 83 New Gurgaon,12100000.0,92.0,21.0
Sector 84 Gurgaon,15740306.12745098,83.94117647058823,27.745098039215687
Sector 85 Gurgaon,16707301.39041096,85.3013698630137,27.5
Sector 86 Gurgaon,14236361.677777778,85.38888888888889,26.788888888888888
Sector 88A Gurgaon,13178250.0,83.75,26.65
Sector 88B Gurgaon,12396666.666666666,85.53333333333333,25.333333333333332
Sector 89 A Gurgaon,17857666.666666668,84.73333333333333,30.8
Sector 89 Gurgaon,11991583.333333334,85.33333333333333,23.75
Sector 9 Gurgaon,12700000.0,86.5,28.5
Sector 90 Gurgaon,13148224.114942528,84.17241379310344,27.804597701149426
Sector 91 Gurgaon,16163222.222222222,83.08888888888889,25.8
Sector 92 Gurgaon,23718655.73480663,84.67955801104972,26.77900552486188
Sector 93 Gurgaon,12985846.32142857,84.23214285714286,28.660714285714285
Sector 95 Gurgaon,11041514.285714285,83.82857142857142,27.714285714285715
Sector 95A Gurgaon,4100000.0,80.55555555555556,24.88888888888889
Sector 99 Gurgaon,16842227.5625,83.03125,28.03125
Sector 99A Gurgaon,11430536.857142856,83.82142857142857,27.928571428571427
Sector 9A Gurgaon,19750000.0,85.25,25.75
Sector 9A Sector 9 Gurgaon,20000000.0,78.0,35.0
Sector-2 Sohna,6175000.0,83.0,22.333333333333332
Sector-33 Sohna,14727774.459016394,84.17486338797814,27.55191256830601
Sector-35 Sohna,7271600.0,83.0,34.0
Sector-4 Sohna,2525000.0,90.0,24.5
Sector-5 Sohna,2320000.0,79.0,28.0
Seegehalli,13674160.0,87.96,21.84
Seethappa Layout,4200000.0,81.0,20.0
Seetharampalya,7375000.0,91.25,24.5
Seshadripuram,11300000.0,90.33333333333333,20.0
Shakthi Nagar,3600000.0,87.0,11.0
Shampura,7292307.692307692,87.61538461538461,19.846153846153847
Shankarapuram,16500000.0,91.75,23.0
Shanthala Nagar,75400000.0,88.6,20.4
Shanthi Layout,8100000.0,85.0,14.5
Shanthi Pura,3200000.0,95.0,31.0
Shanti Nagar,18150000.0,85.625,23.125
Shantiniketan Layout,11633333.333333334,87.16666666666667,19.5
Shauhardha Layout,2000000.0,94.0,30.0
Shettigere,5900000.0,83.33333333333333,24.666666666666668
Shettihalli,9000000.0,85.0,28.0
Shetty Halli,29100000.0,86.0,21.5
Shikaripalya,5371125.0,89.0,21.5
Shingapura,5250000.0,92.5,22.0
Shirdi Sai Layout,7881500.0,86.5,16.0
Shirdi Sai Nagar,8500000.0,93.0,24.0
Shivaji Nagar,12542307.692307692,87.84615384615384,22.23076923076923
Shivanagar,16000000.0,82.0,24.0
Shivpuri,8300000.0,81.0,20.0
Shree Ananth Nagar Layout,4691666.666666667,89.5,19.166666666666668
Siddapura,31416666.666666668,87.5,21.333333333333332
Sidedahalli,5328750.0,90.5,26.75
Silk Board,5397000.0,90.0,17.6
Silver Springs Layout,6800000.0,91.0,22.75
Sindhi Colony,98800000.0,84.0,17.0
Singanayakanahalli,6066666.666666667,95.33333333333333,27.0
Singapura Village,6066666.666666667,88.66666666666667,14.833333333333334
Singasandra,7318000.0,87.96,20.04
Singena Agrahara,11800000.0,83.66666666666667,18.333333333333332
Sir M V Nagar,12000000.0,87.0,18.0
Sneha Colony,7750000.0,94.0,30.0
Sohna,7982578.492753623,83.97101449275362,26.613526570048307
Sohna Road,13653333.333333334,80.33333333333333,33.333333333333336
Somanna Garden,16000000.0,80.0,15.0
Somasundara Palya,7548518.518518519,87.85185185185185,22.37037037037037
Someshwara Layout,14950000.0,89.0,14.0
Sompura,4658333.333333333,88.41666666666667,23.0
Sonam Layout,5000000.0,97.0,26.0
Sonnenahalli,5431340.909090909,89.54545454545455,20.863636363636363
Soppahalli,2500000.0,89.0,22.0
Soundarya Layout,2950000.0,84.0,23.5
South City,30950000.0,88.5,23.5
South City 1,28810625.015625,84.34375,26.8125
South City 2,29624883.837209303,85.86046511627907,28.348837209302324
Southern Peripheral Road ,27000000.0,93.0,24.0
Sree Narayana Nagar,5000000.0,86.0,34.0
Sri Balaji Krupa Layout,18833333.333333332,85.66666666666667,23.666666666666668
Sri Kanteshwara Nagar,20000000.0,80.0,14.0
Sri Sai Layout,3870000.0,91.0,27.0
Sri Venkateshpura Layout,4400000.0,88.0,23.5
Srigandada Kaval,5300000.0,97.0,20.0
Srinagar,13100000.0,88.0,22.0
Srinivas Colony,92200000.0,92.5,17.0
Srinivasa Nagar,9399000.0,88.5,23.666666666666668
Srirampura,15116666.666666666,90.33333333333333,20.333333333333332
Srirampuram,18220000.0,89.0,23.0
St Thomas Town,6200000.0,87.0,16.0
St. John's Road,34500000.0,91.0,28.5
Stage-4 Bommanahalli,5800000.0,90.8,21.2
Subash Nagar,5000000.0,88.0,18.5
Subbannaiah Palya,8500000.0,88.0,27.0
Subhash Nagar,11000000.0,92.0,34.0
Subramanya Nagar,15000000.0,86.0,31.0
Subramanyanagar,20000000.0,81.0,20.0
Subramanyapura,6714750.0,86.9,22.675
Suddaguntepalya,5000000.0,85.5,24.5
Sugama Layout,3600000.0,91.0,31.0
Sultan Palaya,10257142.857142856,88.5,20.714285714285715
Sulthangunta,5000000.0,80.0,16.0
Suncity,40781250.0,85.1,28.0
Sundar Ram Shetty Nagar,8500000.0,82.0,12.0
Sundara Nagar,11000000.0,81.0,15.0
Sunder Ram Shetty Nagar,9450000.0,95.5,22.0
Sunkadakatte,6640000.0,91.2,23.2
Sunkan palya,3700000.0,83.0,11.0
Surabhi Layout,11000000.0,92.33333333333333,16.333333333333332
Suragajakkanahalli,7300000.0,94.5,27.0
Suraksha Nagar,6149833.333333333,87.66666666666667,19.833333333333332
Surat Nagar 1,4450000.0,85.0,22.0
Suryanagar,4500000.0,94.0,27.0
Sushant Lok,29390909.09090909,87.54545454545455,27.636363636363637
Sushant Lok 3 Extension,9032500.0,86.0,29.0
Sushant Lok Phase 1,34230965.03496504,84.52447552447552,26.587412587412587
Sushant Lok Phase 2,23074895.833333332,83.04166666666667,25.958333333333332
Sushant Lok Phase 3,19616052.63157895,85.10526315789474,25.0
Syndicate Bank Colony,15300000.0,91.5,23.0
T C Palya main Road,4872000.0,81.0,32.0
T Dasarahalli,10500000.0,89.0,14.75
T G extension,9500000.0,82.0,28.0
T K Reddy Layout,7500000.0,96.0,19.0
T R Mill Road,8200000.0,94.0,24.0
T c palya,8500000.0,83.0,23.0
T.C PALYA,7300000.0,89.33333333333333,29.333333333333332
T.C. Palya,6000000.0,82.0,23.0
TC Palaya,8588279.069767442,87.65116279069767,21.41860465116279
"TR Mill Road, Chamarajpet",7900000.0,97.0,26.0
Tala Cauvery Layout,9100000.0,86.25,22.0
Talaghattapura,10227194.444444444,87.86111111111111,21.916666666666668
Tasker Town,7366666.666666667,88.0,15.0
Tata Nagar,7050000.0,85.75,22.25
Tavarekere,9550000.0,83.5,21.5
Teachers Colony,15850000.0,93.0,13.0
Tejaswini Nagar,6350000.0,86.33333333333333,17.5
Telecom Layout,5766666.666666667,85.0,23.666666666666668
Thanisandra,8288412.280701755,89.03947368421052,22.403508771929825
"Thanisandra Main Road, ",14000000.0,90.0,19.333333333333332
Thanisandra main road,48300000.0,88.5,16.25
Tharabanahalli,24000000.0,81.0,18.0
Thavarekere,10800000.0,89.0,13.0
Thigalarapalya,15877723.40425532,87.70212765957447,22.23404255319149
Thippasandra,8666666.666666666,89.0,25.0
Thirumalashettyhally,3446000.0,81.0,32.0
Thirumenahalli,7452625.0,90.5,19.375
Thirupalya,6500000.0,86.0,13.0
Thomas Town,5950000.0,83.5,22.5
Thubarahalli,9068500.0,88.04545454545455,19.40909090909091
Thurahalli,13000000.0,90.5,19.5
Thyagaraja Nagar,12392500.0,86.9,28.1
Thyagraj Nagar,7600000.0,89.0,18.0
Tigalarpalya,8850000.0,87.0,21.0
Tilak Nagar,4000000.0,97.0,12.0
Tindlu,10061818.181818182,88.0,24.363636363636363
Tippenahalli,5500000.0,96.0,27.0
Tirumanahalli,5040000.0,90.66666666666667,31.333333333333332
Tumkur Road,7501060.606060606,88.36363636363636,20.393939393939394
Tunganagara,3592333.3333333335,86.66666666666667,22.0
Uday Nagar,9750000.0,91.5,17.0
Udaya Nagar,9050000.0,84.5,31.5
Udayagiri,6000000.0,89.0,21.0
Udayapur Village,6141500.0,87.5,24.25
Udyog Vihar Industrial Area Phase 6,5051000.0,76.0,35.0
Ullal Road,18500000.0,90.0,16.333333333333332
Ullal Uppanagar,10866666.666666666,88.33333333333333,16.666666666666668
Ulsoor,23723809.523809522,89.04761904761905,20.285714285714285
Upadhyaya Layout,5350000.0,88.0,17.5
Upkar Layout,11751250.0,91.75,23.0
Uppals Southend,22234057.971014492,84.71014492753623,25.63768115942029
Uttarahalli,6361006.493506493,88.51948051948052,22.48051948051948
Uvce Layout,10000000.0,85.0,27.0
V.V Puram,5500000.0,92.0,23.0
VGP Layout,6360000.0,88.2,28.0
VHBCS Layout,11000000.0,88.5,26.0
Vadarpalya,8900000.0,85.66666666666667,18.666666666666668
Vaderahalli,14250000.0,84.5,23.0
Vaishnavi Layout,41250000.0,85.5,22.25
Vajarahalli,7987500.0,87.75,19.625
Valley View Estate,9492500.0,83.45,24.65
Valley View Estate gwal Pahari,9900000.0,91.0,25.0
Varanasi,7841666.666666667,88.83333333333333,28.0
Varsova Layout,23837500.0,88.5,21.0
Varthur,6975897.05882353,88.77941176470588,20.235294117647058
Varthur Road,5438533.333333333,90.06666666666666,22.666666666666668
"Varthur Road, ",7000000.0,89.5,26.5
Vasantapura main road,3628000.0,87.0,33.0
Vasanth nagar,64112500.0,89.25,22.25
Vasantha Vallabha Nagar,7400000.0,87.8,30.2
Vasanthapura,4320500.0,88.7,21.6
Vasanthpura,4991000.0,80.5,26.5
Vasatha Vallbha Nagar,3780000.0,88.0,11.0
Vayunandana Layout,12000000.0,96.0,21.0
Veer Sandra,16800000.0,93.5,27.0
Veerabhadra Nagar,10000000.0,96.0,33.0
Veerannapalya,6733333.333333333,88.33333333333333,15.333333333333334
Veersandra,5250000.0,91.0,23.0
Venkatadri Layout,4233333.333333333,89.33333333333333,19.333333333333332
Venkatapura,18325000.0,90.33333333333333,26.166666666666668
Venkateshpuram,2400000.0,95.0,15.0
Venkateswara Nagar,2000000.0,90.0,31.0
Venugopal Reddy Layout,6866666.666666667,92.0,23.666666666666668
Versova Layout,33500000.0,89.5,19.0
Vibhutipura Extension,7350000.0,83.5,21.5
Vibuthipura,10250000.0,87.0,19.5
Victoria Layout,26814285.714285713,88.42857142857143,20.571428571428573
Vidhyanagar Cross,3200000.0,89.0,14.0
Vidya Nagar,28000000.0,80.0,28.0
Vidyapeeta,9800000.0,85.0,15.0
Vidyaranyapura,9555487.804878049,87.85365853658537,19.585365853658537
Vignana Nagar,7161111.111111111,88.88888888888889,21.555555555555557
Vigyan Vihar,15750000.0,84.5,26.5
Vijay Nagar,16000000.0,95.0,14.0
Vijaya Bank Colony,6200000.0,83.0,15.0
Vijaya Bank Layout,18592857.14285714,86.71428571428571,22.714285714285715
Vijayabank bank layout,4800000.0,82.0,14.0
Vijayanagar,11915547.61904762,87.38095238095238,23.428571428571427
Vijaypura,15000000.0,81.0,16.0
Vijinapura,8190500.0,84.0,12.0
Vikram Nagar,3800000.0,88.0,15.0
Vimanapura,6200000.0,84.33333333333333,22.333333333333332
Vinayak Nagar,5483333.333333333,84.33333333333333,16.333333333333332
Vinayaka Layout,17000000.0,85.0,11.0
Vinayaka Nagar,6575000.0,82.5,20.75
Virat Nagar,7014800.0,88.0,23.2
Virgonagar,4220000.0,90.0,14.0
Virudhu Nagar,6800000.0,81.0,27.0
Virupakshapura,5766666.666666667,87.66666666666667,18.333333333333332
Vishveshwarya Layout,12815384.615384616,86.15384615384616,23.76923076923077
Vishwanatha Nagenahalli,10211111.111111112,88.77777777777777,21.333333333333332
Vishwapriya Layout,6666666.666666667,88.58333333333333,20.25
Vishwapriya Nagar,9080000.0,88.8,26.8
Viswajit Layout,6100000.0,87.0,29.0
Viswapriyanagar.begur Road.bommanahalli.,8500000.0,85.0,34.0
Vittal Mallya Road,30000000.0,93.0,21.0
Vittal Nagar,4800000.0,90.0,25.666666666666668
Vittasandra,7165312.5,86.96875,24.03125
Vivek Nagar,14500000.0,84.5,32.0
Viviani Road,35000000.0,95.0,31.0
Volagerekallahalli,3969500.0,90.0,22.5
Vyalikaval,11750000.0,89.0,18.0
Wajid layout thanisandra,10000000.0,88.0,15.0
Weavers Colony,2733333.3333333335,85.66666666666667,22.333333333333332
West of Chord Road,16000000.0,96.0,15.0
Westerlies,16500000.0,94.0,15.0
Wheelers Road,6800000.0,82.0,16.0
"Whietfield, ",9800000.0,84.0,14.0
Whitefield,13048286.692759296,88.76516634050881,22.21917808219178
Whitefield ECC Road,7105000.0,86.0,20.0
"Whitefield, ",6750000.0,92.5,18.5
Williams Town,9800000.0,93.0,34.0
Wilson Garden,24571428.57142857,89.14285714285714,19.142857142857142
Xavier Layout,40000000.0,84.0,10.0
Yarandahalli,4405000.0,91.5,22.0
Yediyur,22500000.0,80.0,26.0
Yelachenahalli,8850000.0,87.21052631578948,24.842105263157894
Yelahanka,8661504.784688994,87.79904306220095,21.961722488038276
Yelahanka New Town,8551250.0,89.775,24.5
"Yelahanka,MVIT college",15000000.0,81.0,27.0
Yelenahalli,5079923.076923077,90.15384615384616,20.692307692307693
Yemlur,109338888.8888889,86.77777777777777,24.0
"Yemlur, Old Airport Road, ",11500000.0,86.0,16.0
Yeshwanthpur,9817283.132530121,89.48192771084338,21.46987951807229
Yeshwanthpur Industrial Suburb,25000000.0,90.0,25.333333333333332
Zuzuvadi,7500000.0,83.0,17.0
adigondanhalli,4200000.0,86.0,10.0
akshaya nagar t c palya,12000000.0,90.0,34.0
anjananager magdi road,16500000.0,87.0,27.0
"asha township, off hennur road",28500000.0,84.0,27.0
banashankari stage iii sa,9172000.0,96.0,12.0
basaveshwarnagar,7000000.0,88.0,33.0
"beml layout, basaveshwara nagar",36000000.0,92.0,18.0
bsk 6th stage 2ad block near sri conversation hall,8700000.0,85.0,14.0
cooketown,19100000.0,92.0,23.0
elachenahalli,5800000.0,94.0,11.0
frazertown,26750000.0,84.5,17.0
kadubisnahalli,5700000.0,87.0,28.0
kamanahalli main road,9500000.0,85.0,19.0
kanakapura main road,3644000.0,81.0,20.0
kanakapura road,4806000.0,89.0,30.0
kg halli jalhalli west,8000000.0,85.0,24.0
manyata,5011000.0,97.0,11.0
manyata park,7341000.0,92.5,22.0
manyata tech park,5600000.0,89.0,16.0
mvj engineering college,5653000.0,90.0,30.0
near Ramanashree California resort,16000000.0,91.0,25.0
pavitra paradise,19000000.0,91.0,18.0
poornaprajna layout,12800000.0,91.0,19.0
rapid metro 55-56,36000.0,88.0,19.0
"ravindra nagar, T.dasarahalli peenya",7400000.0,80.0,26.0
rr nagar,6000000.0,82.0,27.0
sankeswari,3170000.0,90.0,11.0
sapthagiri Layout,11500000.0,96.0,16.0
sarjapura main road,25000000.0,80.0,14.0
"sector 28 , Golf course road",19000000.0,90.0,18.0
"sector 47 , sector 51",31000000.0,84.0,21.0
sector 58 Gurgaon,38669188.24242424,85.93939393939394,25.96969696969697
sector 62emaar uarban oasis,39500000.0,85.0,32.0
sector 83 vatika floor,17500000.0,85.0,31.0
singapura paradise,14000000.0,90.0,12.0
t.c palya,16000000.0,95.0,16.0
tc.palya,6075000.0,84.75,21.5
vinayakanagar,20000000.0,95.0,26.0
"white field,kadugodi",27500000.0,97.0,24.0
whitefiled,3272999.9999999995,82.0,19.0
